Timestamp,Animal,Temperature,Outdoor_Temperature,Humidity,Wind_Speed,Horizontal_Inlet1_Damper_Position,Vertical_Inlet1_Position,Outlet1_1_Damper_Position,Stepless_Gear1,Stepless_Variable_Fan1,Vertical_Multi_Gear1,Vertical_Multi_Gear2,Vertical_Multi_Gear3,Vertical_Cooling_Demand_Percent
2024-01-01,450.0,17.031759943973213,-0.013332747883668896,62.45874966461024,0.0,42.05252619484234,0.0,,49.36207591249327,52.25337667716854,0.0,0.0,0.0,
2024-01-02,450.0,16.115506658886076,1.7375759513974685,65.06436725048101,0.0,38.16543343138481,0.0,,21.738280560881012,28.20382052022785,0.0,0.0,0.0,
2024-01-03,450.0,10.651066454801917,4.719903421795527,71.39380332549521,0.0,19.20200865823003,0.0,,28.027330298175716,33.46252958447285,0.0,0.0,0.0,
2024-01-04,450.0,11.06436508658859,6.206735604585586,78.88654855354353,0.0,37.97856046218619,0.0,,39.11892545208108,43.15756511885886,0.0,0.0,0.0,
2024-01-05,450.0,10.701663692102152,4.134925189478494,75.48393204784946,0.0,25.110317897231184,0.0,,44.40160096542742,47.4491521466129,0.0,0.0,0.0,
2024-01-06,450.0,8.89694058715,1.6295584329846156,85.46931827265384,0.0,9.097060985519231,0.0,,22.40000069,29.46666777,0.0,0.0,0.0,
2024-01-07,450.0,8.145876443047431,0.9445586714466403,79.11007962873518,0.0,9.106716596454547,0.0,,22.40000069,29.46666777,0.0,0.0,0.0,
2024-01-08,450.0,9.170847472106995,2.799912325925926,84.37390836547326,0.0,9.11767512227572,0.0,,22.400000690000002,29.46666777,0.0,0.0,0.0,
2024-01-09,450.0,9.331297304186991,1.4378728213739838,86.1093653952439,0.0,9.108258505317073,0.0,,22.40000069,29.46666777,0.0,0.0,0.0,
2024-01-10,450.0,9.45523187036287,2.3440425775063294,71.73079650202533,0.0,9.080016613,0.0,,22.40000069,29.46666777,0.0,0.0,0.0,
2024-01-11,450.0,10.603306294079209,7.90354981769307,64.19689005653466,0.0,29.028946663465344,0.0,,36.549998612722774,42.37455855450496,0.0,0.0,0.0,
2024-01-12,450.0,11.032213003971963,5.846460072753894,65.12860769950156,0.0,34.630115035682245,0.0,,33.24743087365109,38.71570792068536,0.0,0.0,0.0,
2024-01-13,450.0,10.695500707559557,3.364569646775623,68.4464323337673,0.0,19.924553038914127,0.4029211740443214,,37.814575385698056,42.53610988346261,0.0,0.0,0.0,
2024-01-14,450.0,10.411476896606425,3.5167434406586344,66.85655648192771,0.0,11.76473527763454,0.0,,28.121102369919676,32.21030602606426,0.0,0.0,0.0,
2024-01-15,450.0,8.621808594539681,-0.16007616784126982,58.889836091388894,0.0,9.367508441,0.0,,22.40000069,29.46666777,0.0,0.0,0.0,
2024-01-16,450.0,7.41690040390566,1.8827443165283018,64.75068760509434,0.0,9.367508441,0.0,,22.400000689999995,29.46666777,0.0,0.0,0.0,
2024-01-17,450.0,7.250603078140704,2.5358543164974874,70.61852203180904,0.0,9.367508441,0.0,,22.40000069,29.46666777,0.0,0.0,0.0,
2024-01-18,450.0,7.882190899266666,0.8515953059190475,69.0535416514762,0.0,9.367508441,0.0,,22.40000069,29.46666777,0.0,0.0,0.0,
2024-01-19,450.0,9.590316461412371,0.8217887217886597,63.31775908773196,0.0,9.367508441,0.0,,22.40000069,29.466667770000004,0.0,0.0,0.0,
2024-01-20,450.0,9.382508841896714,0.6275843523051643,58.98371151985915,0.0,9.367508441,0.0,,22.40000069,29.46666777,0.0,0.0,0.0,
2024-01-21,450.0,9.034391791091325,-1.5209519672465754,57.66953110205479,0.0,9.367508441,0.0,,22.40000069,29.46666777,0.0,0.0,0.0,
2024-01-22,450.0,8.048092223256303,-3.04036563397479,53.357509400588235,0.0,9.367508441,0.0,,22.40000069,29.46666777,0.0,0.0,0.0,
2024-01-23,450.0,6.944366532346774,-4.037893329443548,53.40533847004032,0.0,9.367508441,0.0,,22.40000069,29.46666777,0.0,0.0,0.0,
2024-01-24,450.0,7.493099518716666,-1.3467391741041665,56.978425069541665,0.0,9.367508441,0.0,,22.40000069,29.46666777,0.0,0.0,0.0,
2024-01-25,450.0,8.359338336045834,0.33278034625416664,55.90379186425,0.0,9.367508441,0.0,,22.40000069,29.46666777,0.0,0.0,0.0,
2024-01-26,450.0,9.289782849871244,1.7845964138025752,56.5934221674249,0.0,9.367508441,0.0,,22.40000069,29.46666777,0.0,0.0,0.0,
2024-01-27,450.0,9.302504894706612,1.4600161329256198,57.19876412533058,0.0,9.367508441,0.0,,22.40000069,29.46666777,0.0,0.0,0.0,
2024-01-28,450.0,9.798893292128787,3.0922722633143938,55.6451625957197,0.0,12.849653246984849,0.0,,27.721604232121212,33.951925722272726,0.0,0.0,0.0,
2024-01-29,450.0,10.492673781720137,4.778967201819112,54.227222720170644,0.0,25.27510033519454,0.0,,27.483127613180887,33.48284411986348,0.0,0.0,0.0,
2024-01-30,450.0,10.58196205698347,1.8851545669917356,57.857128012479336,0.0,20.630363657900826,0.0,,32.18620562257025,37.58894264706612,0.0,0.0,0.0,
2024-01-31,450.0,9.951268899856435,-1.4812116157227724,59.929446748118814,0.0,9.319592267,0.0,,22.40000069,29.46666777,0.0,0.0,0.0,
2024-02-01,450.0,9.216965700567961,-1.9276517414854368,57.61546872446602,0.0,9.319592267,0.0,,22.40000069,29.46666777,0.0,0.0,0.0,
2024-02-02,450.0,8.198351347120331,-4.074431956767635,52.14146106390041,0.0,9.319592267,0.0,,22.40000069,29.46666777,0.0,0.0,0.0,
2024-02-03,450.0,8.580059602224043,-1.2984587170874318,54.60635051715847,0.0,9.319592267,0.0,,22.40000069,29.46666777,0.0,0.0,0.0,
2024-02-04,450.0,9.149645698179347,-0.47113024750543475,50.60690539902174,0.0,9.319592267,0.0,,22.400000690000002,29.466667770000004,0.0,0.0,0.0,
2024-02-05,450.0,8.779317678013044,-0.6052000093695652,56.23836637269566,0.0,9.319592267,0.0,,22.40000069,29.46666777,0.0,0.0,0.0,
2024-02-06,450.0,9.280653369318966,1.0706843537974138,56.01266424474138,0.0,9.319592267,0.0,,22.40000069,29.46666777,0.0,0.0,0.0,
2024-02-07,450.0,9.770615243023078,1.9708497423653843,56.03621423030769,0.0,10.36719531371154,0.0,,25.919402320615387,31.99786426815385,0.0,0.0,0.0,
2024-02-08,450.0,10.21018599281915,3.16663904343617,55.59817778439716,0.0,12.716421012368794,0.0,,32.331296827340424,37.12840916166667,0.0,0.0,0.0,
2024-02-09,450.0,10.340432057390412,5.365401398506849,59.32490838876712,0.0,20.390492047489726,0.0,,36.883336034910954,41.461348819246574,0.0,0.0,0.0,
2024-02-10,450.0,10.944003312878504,5.9645845188847355,56.78826517542056,0.0,34.71639406566355,0.0,,32.62173002312149,37.20017444987539,0.0,0.0,0.0,
2024-02-11,450.0,10.974688940115264,7.285756100866044,58.982846605700935,0.10366908783800624,29.903103121314643,9.402435590903426,,31.211280297230527,36.713344401183804,0.09657320872274143,0.07165109034267912,0.04672897196261682,
2024-02-12,450.0,11.876454381648935,9.626516593481382,59.19670343305851,0.3074394210851064,29.318907388013297,20.258704049787234,,33.52213472343085,36.30113828364362,0.2154255319148936,0.08244680851063829,0.11702127659574468,
2024-02-13,450.0,12.649026751748252,10.69839287977156,67.3276482923077,0.6032763583310022,34.34173756286713,36.711167566713286,,33.125625353787875,36.79085372827506,0.3939393939393939,0.25874125874125875,0.2540792540792541,
2024-02-14,450.0,11.918257813234415,10.686668488471321,74.24723705862843,0.32131476889775556,33.49131512011721,21.312627486159602,,33.483133527665835,36.59320665,0.2344139650872818,0.18204488778054864,0.12468827930174564,
2024-02-15,450.0,11.461907611119221,7.534280443715329,57.55820060255475,0.06660583594160584,47.12744584009732,6.595885826155717,,48.760564991905106,50.459277110924575,0.0681265206812652,0.0681265206812652,0.0,
2024-02-16,450.0,11.548730233126616,7.267342715472868,52.97214685622739,0.1263637662868217,38.29743174208786,10.101010109405685,,42.95859598908011,45.92721884674419,0.10335917312661498,0.05426356589147287,0.056847545219638244,
2024-02-17,450.0,12.1471593319202,9.380845974690773,59.423031029950124,0.371744251605985,40.90528124734414,22.963046908678304,,42.15383411399501,43.237438393042396,0.23940149625935161,0.14713216957605985,0.11970074812967581,
2024-02-18,450.0,14.085049344161073,11.224632486104028,72.76303538946308,1.4320469742751678,4.7765265272651005,89.80780949936242,,3.0736356074832214,3.5543422570805374,0.9530201342281879,0.5838926174496645,0.3724832214765101,
2024-02-19,450.0,12.54563639277311,7.473837177504201,59.9062633135014,0.680049778067227,24.546440731689078,54.39521251277311,,27.487018990686273,27.058123339887956,0.5854341736694678,0.4173669467787115,0.11204481792717087,
2024-02-20,450.0,10.684830912,0.7660978500518518,52.18846250851852,0.0,14.672218230003704,0.0,,37.4773432697037,40.77214206818519,0.0,0.0,0.0,
2024-02-21,450.0,8.513308260583692,-4.350468540519313,52.76149686476395,0.0,9.080016613,0.0,,22.40000069,29.51515019,0.0,0.0,0.0,
2024-02-22,450.0,8.995990566906384,-1.7638918591702126,48.053646278297876,0.0,9.080016613,0.0,,22.40000069,29.51515019,0.0,0.0,0.0,
2024-02-23,450.0,9.373123287737991,0.48375215903930135,43.05491408366812,0.0,9.080016613,0.0,,22.40000069,29.51515019,0.0,0.0,0.0,
2024-02-24,450.0,10.207265683652,3.905782156428,43.30724165384,0.0,15.022709578384,0.0,,28.355408607848,34.00138232756,0.0,0.0,0.0,
2024-02-25,450.0,10.444752982852844,4.673660639484949,46.870279062742476,0.0,27.179241614371236,0.0,,31.801041890602004,36.69709747615384,0.0,0.0,0.0,
2024-02-26,450.0,11.060945564234828,5.087881202899736,47.66175274659631,0.0,38.02815937489974,1.7989925470184698,,37.98061733315568,41.95521252110818,0.0,0.0,0.0,
2024-02-27,450.0,10.900692543170985,5.295960302028497,48.710982558652844,0.0,32.26449653853886,0.0,,41.37298135279793,45.66274779067357,0.0,0.0,0.0,
2024-02-28,450.0,11.528273505926967,6.447097408213483,49.64857308469101,0.17111423076123597,33.993875418233145,13.100102158735956,,36.68479602133708,39.03196981005618,0.1348314606741573,0.0898876404494382,0.05898876404494382,
2024-02-29,450.0,12.095386340329116,6.027331982774683,50.94244594769621,0.10738396403544304,42.21903855446076,6.303797432151899,,30.047323638222785,34.42022103255696,0.07341772151898734,0.043037974683544304,0.0,
2024-03-01,450.0,16.802676096247087,4.9397587930139855,48.50951016442891,0.0,34.014146127512824,0.0,,48.30010369811655,50.66693326888112,0.0,0.0,0.0,
2024-03-02,450.0,20.211264883454547,6.354344770439394,47.292204437242425,0.0,10.955551938772727,0.0,,22.779896362909092,35.03202845018182,0.0,0.0,0.0,
2024-03-03,450.0,21.60918061,9.282694492190938,43.713936778867314,0.0,11.956737721498381,0.0,,28.390239058899674,38.78657170899677,0.0,0.0,0.0,
2024-03-04,450.0,21.327555708277156,7.441085407685393,44.523148539475656,0.0,8.70332880283146,0.0,,18.257223394906365,28.663352571423225,0.0,0.0,0.0,
2024-03-05,450.0,20.588034659718875,5.529514735819277,43.659425166546185,0.0,8.337321132,0.0,,16.1920011,27.3973316,0.0,0.0,0.0,
2024-03-06,450.0,20.714138966568267,5.7899916690369,46.13861984284133,0.0,8.769799471265683,0.0,,18.487550407785978,28.339387969594096,0.0,0.0,0.0,
2024-03-07,450.0,20.87984033190164,9.070753112009836,44.99558012334426,0.0,12.16413471322295,0.0,,29.285102884622948,37.05894177393443,0.0,0.0,0.0,
2024-03-08,450.0,21.25265432839623,9.132110305650944,36.342304172106914,0.0,12.532508628622642,0.0,,32.037688550188676,38.74244142880503,0.0,0.0,0.0,
2024-03-09,450.0,21.14955564623333,8.782787292773333,40.06405856993333,0.0,11.603331848456666,0.0,,28.244357856533334,35.7538018061,0.0,0.0,0.0,
2024-03-10,450.0,21.833594972105264,11.474632320027865,45.143596929535605,0.0,18.95064277432198,0.0,,37.21077602900929,43.54113524213623,0.0,0.0,0.0,
2024-03-11,450.0,22.86005412273585,14.946692869665094,48.60691987966981,0.14069051141273584,21.63934597458019,11.92109777398585,,34.05418300404717,37.11136543707547,0.12264150943396226,0.07311320754716981,0.054245283018867926,
2024-03-12,450.0,21.289141002713862,12.482964779864307,51.31598164014749,0.032899047775811215,19.638213622244837,2.8130865905899705,,33.151434586513275,38.6421779640118,0.035398230088495575,0.035398230088495575,0.0,
2024-03-13,450.0,22.33078532872928,12.20816437609116,46.15902656475138,0.0,22.001823648991714,0.0,,33.77238734345857,39.485462390138125,0.0,0.0,0.0,
2024-03-14,450.0,22.88085462092683,15.269204024651218,52.82516355353658,0.0,33.30337366703659,0.0,,40.78706359988293,43.39300178239025,0.0,0.0,0.0,
2024-03-15,450.0,23.179355777025,15.5355492649775,53.907639498775,0.0,37.29138584803,0.0,,39.246591698050004,42.40965318955,0.0,0.0,0.0,
2024-03-16,450.0,23.618914776681716,16.683998099810385,53.09335791860045,0.20347378808577876,27.659992525519186,13.788220790925507,,41.44442310690745,42.583819205106096,0.14672686230248308,0.0744920993227991,0.05417607223476298,
2024-03-17,450.0,23.31713544762222,14.5822532122,46.19657868608889,0.08441357877777779,30.10823495627111,7.250505036777778,,49.62132878404889,50.811387399999994,0.08222222222222222,0.03777777777777778,0.044444444444444446,
2024-03-18,450.0,22.982416209014776,13.022031167714285,44.59212677906404,0.0,19.264574801977833,0.0,,42.314752555133005,45.44514003201971,0.0,0.0,0.0,
2024-03-19,450.0,23.172265868208555,15.393841977828876,44.00957103724598,0.0,31.51902843931818,0.0,,44.21306260096257,46.12824568548128,0.0,0.0,0.0,
2024-03-20,450.0,22.97346155632432,12.81008984872973,40.10376749951351,0.0,31.95961896685946,0.0,,41.2793225116,45.57236620164865,0.0,0.0,0.0,
2024-03-21,450.0,23.392184248194443,14.733503298798611,49.12281505013889,0.0464248969050926,28.842511684099538,3.9962121181944443,,41.11645132157407,43.71425127166667,0.046296296296296294,0.016203703703703703,0.03009259259259259,
2024-03-22,450.0,23.641182029522295,16.141857639828025,57.76680624949045,0.0,17.378809979780254,0.0,,43.97069069194268,48.86978843582803,0.0,0.0,0.0,
2024-03-23,450.0,23.413894517081967,13.506070059567213,61.1039095987541,0.0,12.008216227504917,0.0,,29.408196651245902,35.63891147944262,0.0,0.0,0.0,
2024-03-24,450.0,23.87848511774411,12.34097611010101,67.56939488212122,0.0,9.13462663420202,0.0,,22.515555921077443,29.85411044289562,0.0,0.0,0.0,
2024-03-25,450.0,22.444871477430556,9.345496073416667,68.32851833840277,0.0,10.321580656149305,2.3674242198611113,,23.320650304722225,30.40063089059028,0.0,0.0,0.0,
2024-03-26,450.0,21.82661206637771,12.314645991086687,65.25843452108359,0.0,17.62383654968421,0.0,,30.812121071136225,37.689132741857584,0.0,0.0,0.0,
2024-03-27,450.0,22.558770516341465,15.08490603507317,66.10820640336586,0.0,23.924934176512192,0.0,,48.04978584288537,48.856314318853656,0.0,0.0,0.0,
2024-03-28,450.0,22.676489884308754,15.541946443430877,64.80148188099078,0.0,32.657063522534564,0.0,,48.380855771055295,50.02875000502304,0.0,0.0,0.0,
2024-03-29,450.0,23.013925119358408,17.663625913966815,58.521793693650444,0.09525565183628319,39.36897407793363,8.869670160044247,,47.888657489920355,47.60534217066372,0.08849557522123894,0.05088495575221239,0.03761061946902655,
2024-03-30,450.0,22.817302988433518,15.638176576331512,59.63660987429873,0.4382968939234973,28.628081463872494,39.95860238544626,,52.21445504860109,53.04037484863388,0.4116575591985428,0.24408014571949,0.1785063752276867,
2024-03-31,450.0,23.379534322561476,19.175565654118852,59.20531535352459,0.2645719410594262,34.17275542096516,24.718703415061476,,41.43878391197337,42.981986249979514,0.2540983606557377,0.17418032786885246,0.07991803278688525,
2024-04-01,450.0,22.76314349078385,17.13296127382423,68.20003340171021,0.0,50.45974999315915,0.0,,38.79891623189549,44.01567040646081,0.0,0.0,0.0,
2024-04-02,450.0,22.511313428152423,12.929761360277137,52.22120369376444,0.0,29.009725911431868,0.0,,70.43035490970207,71.14708479011547,0.0,0.0,0.0,
2024-04-03,450.0,21.644003538028503,11.496716677510689,51.69144802662708,0.0,31.82470954256532,0.0,,58.75106565865558,61.07111390952494,0.0,0.0,0.0,
2024-04-04,450.0,21.00871141735294,10.833804214821265,60.70739247669683,0.0,31.15493759108597,0.0,,57.881365802153844,60.231094355678735,0.0,0.0,0.0,
2024-04-05,450.0,21.259010540230417,14.419165469767282,60.269720885852536,0.0,44.123592358801844,0.0,,47.69880843382489,50.4384718596083,0.0,0.0,0.0,
2024-04-06,450.0,21.951623025634614,18.672956470557693,61.2835135595,0.2727831139115384,44.867999749907696,21.022727225826923,,41.75132018016731,43.824934735615386,0.24423076923076922,0.17307692307692307,0.06346153846153846,
2024-04-07,450.0,21.987919202925173,19.05515789174603,62.33130127902495,0.30089442504081637,42.98909790327211,25.928674479455783,,50.93879289057596,51.35632836469388,0.2743764172335601,0.18594104308390022,0.09297052154195011,
2024-04-08,450.0,22.520567827478068,20.411753260942984,58.77732408184211,0.5183053087302631,35.12186616519298,35.107655457236845,,39.35938158104825,42.06304367201754,0.3815789473684211,0.27850877192982454,0.15350877192982457,
2024-04-09,450.0,21.29308357538106,15.192248196055427,55.99662380803695,0.0,49.929119553441105,0.0,,52.87854109111547,54.70203138519631,0.0,0.0,0.0,
2024-04-10,450.0,22.114488714774193,18.635713505045164,66.35876973169893,0.39020310013333337,33.07170082239355,31.956989183144085,,39.533762771800006,40.81408324782796,0.3419354838709677,0.16129032258064516,0.15698924731182795,
2024-04-11,450.0,21.639317068514153,20.554606606792454,71.39890348332547,0.24148322473820757,34.97560995949292,21.58876498634434,,41.39916332033491,43.8064893104717,0.22641509433962265,0.10849056603773585,0.12028301886792453,
2024-04-12,450.0,20.791044033876812,21.703400179746378,75.15451955793478,0.0,9.320548379206523,0.0,,22.987835478514494,29.664343743550724,0.0,0.0,0.0,
2024-04-13,450.0,20.768759698625953,21.29427897072519,76.35593971007634,0.0,9.087423195393129,0.0,,22.72000015,29.57333326,0.0,0.0,0.0,
2024-04-14,450.0,19.59766668117904,18.59767039554585,80.85559375694324,0.0,8.968913291681222,3.61254462510917,,22.733340996899564,29.57778018296943,0.0,0.0,0.0,
2024-04-15,450.0,19.712732751646094,20.207390977201644,83.03047190748971,0.0,8.840442449,0.0,,22.72000015,29.57333326,0.0,0.0,0.0,
2024-04-16,450.0,20.121855907410357,21.087957598406373,74.96759455653387,0.0,8.840442449,0.0,,22.72000015,29.57333326,0.0,0.0,0.0,
2024-04-17,450.0,20.139854045849802,21.378577680434784,69.30910586371542,0.0,8.840442449,0.0,,22.72000015,29.57333326,0.0,0.0,0.0,
2024-04-18,450.0,20.203883606796875,21.159172021679687,68.46992005808593,0.0,8.840442449,0.0,,22.72000015,29.57333326,0.0,0.0,0.0,
2024-04-19,450.0,19.615126853441296,19.559248767125506,71.39572868902833,0.0,8.840442449,0.0,,22.72000015,29.57333326,0.0,0.0,0.0,
2024-04-20,450.0,19.171896367952755,19.280766761417325,64.74454597716536,0.0,8.840442449,0.0,,22.72000015,29.57333326,0.0,0.0,0.0,
2024-04-21,450.0,19.90476283074803,21.103888544212598,66.71029721145669,0.0,8.840442449,0.0,,22.72000015,29.57333326,0.0,0.0,0.0,
2024-04-22,450.0,20.469249223015872,22.337145212738093,77.20377797992063,0.0,8.840442449,0.0,,22.72000015,29.57333326,0.0,0.0,0.0,
2024-04-23,450.0,20.045730037559057,21.77813956586614,61.1638921861811,0.0,8.840442449,0.0,,22.72000015,29.57333326,0.0,0.0,0.0,
2024-04-24,450.0,18.903012271899225,21.961174368837206,70.38571512046512,0.0,8.840442449,0.0,,22.72000015,29.57333326,0.0,0.0,0.0,
2024-04-25,450.0,21.87963734094937,24.70907356686709,72.03598546360759,0.034282699794303796,29.27328849463291,2.9315304906962023,,30.79807646462025,35.80986852525316,0.0379746835443038,0.022151898734177215,0.015822784810126583,
2024-04-26,450.0,21.148091820485075,25.36154531712687,81.28260226227613,0.0,11.898903236257464,0.0,,25.10051522902985,31.5077327275,0.0,0.0,0.0,
2024-04-27,450.0,23.821339298,26.424848682904113,72.0769637409041,0.41914003189041094,23.504469740778084,24.082191741643836,,25.69725274284932,29.65150984843836,0.25753424657534246,0.1917808219178082,0.11232876712328767,
2024-04-28,450.0,20.611887535416667,18.784893122651514,69.59125059909091,0.0,9.154161153253789,2.376033027083333,,22.728667613560606,29.576042539469697,0.0,0.0,0.0,
2024-04-29,450.0,18.084917816337448,16.019906344032922,65.8636501890535,0.0,8.840442449,0.0,,22.72000015,29.57333326,0.0,0.0,0.0,
2024-04-30,450.0,17.74588682364754,17.260936092868853,63.4960757662295,0.0,8.840442449,0.0,,22.72000015,29.57333326,0.0,0.0,0.0,
2024-05-01,450.0,18.19423023066406,20.410707005066406,58.575467316289064,0.0,8.840442449,0.0,,22.72000015,29.57333326,0.0,0.0,0.0,
2024-05-02,450.0,18.89666040235294,20.983940382313726,60.49942942870588,0.0,8.840442449,0.0,,22.72000015,29.57333326,0.0,0.0,0.0,
2024-05-03,450.0,19.438604205904056,22.169116152546124,58.32335478409594,0.0,9.360703927630995,3.958403184428044,,22.739603930664206,29.579867864723244,0.0,0.0,0.0,
2024-05-04,450.0,18.213813868783784,17.13257756054054,73.23013836364865,0.0,9.389201166621621,0.0,,22.72000015,29.573333259999995,0.0,0.0,0.0,
2024-05-05,450.0,19.489955076946778,21.0022483629972,73.31917402308123,0.1406395836134454,24.760720566854342,12.500636600980393,,28.549259733837534,32.7076808729972,0.13445378151260504,0.11204481792717087,0.014005602240896359,
2024-05-06,450.0,20.6232155543804,22.038068184178673,70.26443587115274,0.4366794800461095,25.26018290531412,25.698192284495676,,27.497526574599426,30.54301605060519,0.2680115273775216,0.17002881844380405,0.18155619596541786,
2024-05-07,450.0,22.52201295033241,24.52118941927978,68.86651310806094,0.7188750541495845,22.81442264282826,39.428355522105264,,20.19640625927978,23.907288326177284,0.43213296398891965,0.39058171745152354,0.3739612188365651,
2024-05-08,450.0,21.85621541059896,24.119051819921875,57.93049570958333,0.6486545245286458,26.44601490524479,36.53172343039062,,20.416144952723958,23.60676943731771,0.3932291666666667,0.2864583333333333,0.3020833333333333,
2024-05-09,450.0,22.59630003679389,24.725372877379137,59.832630407201016,0.3447837138015267,30.806479477391857,23.957899584402035,,29.61421955956743,34.816111027913486,0.26463104325699743,0.19592875318066158,0.12468193384223919,
2024-05-10,450.0,22.944143956208958,25.74475786173134,69.2171706820597,0.2000414517522388,28.293699506346268,17.79918587029851,,27.29486474011642,32.08551697650746,0.1880597014925373,0.17313432835820897,0.020895522388059702,
2024-05-11,450.0,23.360687550654763,24.615810134404764,52.57018981193452,0.14355984969642857,28.942843314196427,12.613636343958333,,33.082264352083335,38.78082511339286,0.13988095238095238,0.13392857142857142,0.02976190476190476,
2024-05-12,450.0,22.540424139604863,24.15029748018237,51.6284850037994,0.21107733069908816,22.246264324273557,18.203923713100306,,25.206658316240123,28.664714798662615,0.19756838905775076,0.17933130699088146,0.02127659574468085,
2024-05-13,450.0,23.12348433480243,25.824771090091186,63.10764385796353,0.27368286571124617,23.180183183003038,25.11467254270517,,25.183835206361703,28.57165507668693,0.2613981762917933,0.24620060790273557,0.0182370820668693,
2024-05-14,450.0,24.476359523333336,27.89184696787115,69.92920386787115,0.6214985941064426,16.721757759361346,43.31041502686275,,16.862235148086835,19.585961703641456,0.46218487394957986,0.2913165266106443,0.1792717086834734,
2024-05-15,450.0,22.313296027021277,21.331701609696047,51.58155036003039,0.0,17.44435893435562,0.0,,28.642122407431614,34.92673577738602,0.0,0.0,0.0,
2024-05-16,450.0,22.471446234870317,23.9095422592219,60.82750209711815,0.10046429490201729,26.40001157554467,8.325910379279538,,31.780773703008645,35.11411717553314,0.1037463976945245,0.07780979827089338,0.037463976945244955,
2024-05-17,450.0,24.957359151862466,29.14450679303725,73.9582080379083,0.7672317796475645,18.36261007026934,48.601198179340976,,14.614238103750717,18.46897192931232,0.5157593123209169,0.3524355300859599,0.335243553008596,
2024-05-18,450.0,25.734853319349998,29.708824631875,77.802109498075,0.7665625127925,26.172073555365,44.174999937425,,22.963703741915,25.394867438475,0.4775,0.365,0.3675,
2024-05-19,450.0,25.650396373948052,28.7301130085974,75.16934051106493,0.7752525295454545,31.97779266754545,50.77213694522077,,24.82032790025974,26.767922686597405,0.5246753246753246,0.4025974025974026,0.3116883116883117,
2024-05-20,450.0,23.318503296628894,21.88682607529745,73.4257525172238,0.017233238005665723,31.885838685898015,1.285088822124646,,44.07146115351275,46.75929419645892,0.019830028328611898,0.019830028328611898,0.0,
2024-05-21,450.0,23.67135008801187,26.16576812198813,73.39472799605342,0.3301186872997033,22.06075431707715,29.317507386557864,,25.453112217267062,28.61463573777448,0.3115727002967359,0.16913946587537093,0.13353115727002968,
2024-05-22,450.0,24.7001041638674,28.39243862729282,72.19125216886741,0.5678713848729282,19.831987169477898,40.836263131049726,,24.455539598397788,26.910055481381214,0.43370165745856354,0.287292817679558,0.12154696132596685,
2024-05-23,450.0,25.199536946531165,29.748603675392953,71.51747959447155,0.7390469813279132,18.445515228766936,45.3091893900542,,18.590654091127373,20.03554633894309,0.48509485094850946,0.3224932249322493,0.33062330623306235,
2024-05-24,450.0,23.63654860225,23.652018868222225,72.31155894427778,0.08730709421111112,33.59693309273333,9.709595921972221,,34.72106969009167,38.30548430361111,0.09166666666666666,0.09166666666666666,0.0,
2024-05-25,450.0,21.373183450875,19.159125105041667,74.27986733058333,0.0,9.559175372,0.0,,22.72697985,29.57566082,0.0,0.0,0.0,
2024-05-26,450.0,23.01502708047059,24.100483196588232,71.40770625,0.16086600774411766,26.721650239164703,13.593582844029411,,26.153062335279415,31.880713742529412,0.1588235294117647,0.12058823529411765,0.03235294117647059,
2024-05-27,450.0,23.304270165,25.624063711203707,55.07545586052469,0.3272033484845679,19.986745054824073,28.79349042972222,,21.396797330435188,25.49881526567901,0.3055555555555556,0.2716049382716049,0.040123456790123455,
2024-05-28,450.0,24.4420923893643,28.9304325697066,51.509320542933985,0.597595759596577,19.21681577802934,40.80906861569682,,21.594425930733497,24.232229898826404,0.4449877750611247,0.2273838630806846,0.2176039119804401,
2024-05-29,450.0,23.761825857768596,25.479077063112946,54.68010976267218,0.21763084514325068,30.052756084933883,19.70698720168044,,27.389752743454544,31.436094427134986,0.209366391184573,0.17355371900826447,0.024793388429752067,
2024-05-30,450.0,24.867418778611896,28.59987093563739,58.80895776926346,0.6902738451586402,19.148550791274786,46.17821268589235,,20.843498312181303,22.974643625410764,0.48441926345609065,0.3371104815864023,0.2719546742209632,
2024-05-31,450.0,25.058598742326204,27.309930416711232,53.368998421149726,0.7066250841711229,22.387375162235294,42.33592605208556,,23.66475993258289,26.76989059131016,0.45187165775401067,0.2887700534759358,0.3342245989304813,
2024-06-01,450.0,25.367727292369793,28.727494008828128,46.58331159044271,0.7006293507109375,27.10566672880469,40.92803026239583,,22.158359685953126,24.36545462432292,0.4375,0.2890625,0.3333333333333333,
2024-06-02,450.0,25.485096421792456,28.65402408639151,47.89889451433962,0.8132861700707548,25.353827094000003,53.81217835084905,,24.305675693087263,25.330932016698114,0.5589622641509434,0.36556603773584906,0.37971698113207547,
2024-06-03,450.0,25.696939371432098,28.354422163061727,52.54636030735802,0.7978052189209878,21.44089651902716,51.33108864595062,,22.36882590571358,23.5781296385679,0.5382716049382716,0.4,0.345679012345679,
2024-06-04,450.0,24.769846883392404,27.1518970336962,57.92698084465823,0.541842472407595,22.029254043534177,46.26237048379746,,30.634348335888607,31.542590124987342,0.4810126582278481,0.29620253164556964,0.30886075949367087,
2024-06-05,450.0,24.042633858367346,26.501194799311225,67.70113364943877,0.18966127355612244,29.478278567665818,17.251855271811227,,30.861750361709184,34.15450201242347,0.18112244897959184,0.15051020408163265,0.02040816326530612,
2024-06-06,450.0,23.891798627444444,27.350228761805557,64.91306004641667,0.3021219002111111,23.94531891155,28.20454542836111,,26.35941071403611,29.87404705238889,0.2972222222222222,0.2861111111111111,0.027777777777777776,
2024-06-07,450.0,24.54064910590244,29.244795392390245,63.009262612926825,0.4894308991463415,10.968827181458536,39.8226164317561,,16.308060507414634,20.373686318390245,0.4,0.14634146341463414,0.35609756097560974,
2024-06-08,450.0,24.653736345491804,28.651808370901637,69.62018031997268,0.5085003066530055,24.225884833945354,38.9692001818306,,23.002800992991805,26.09113313013661,0.4016393442622951,0.15300546448087432,0.31693989071038253,
2024-06-09,450.0,25.617084825406092,31.148929560964465,58.13931642154822,0.8734842196725889,15.553250124093907,51.541301290406096,,20.128169644903554,22.630870349213197,0.5406091370558376,0.3934010152284264,0.383248730964467,
2024-06-10,450.0,26.168989239649125,31.77280797686717,56.52260314934837,0.7460317638270677,30.48276830281955,39.022556328245614,,27.59518373922556,27.946987389448623,0.42606516290726815,0.38345864661654133,0.37844611528822053,
2024-06-11,450.0,27.23792070289855,32.55620916698067,62.2528989892029,1.0046967454806763,35.47772941818841,57.494510242343,,19.883448870019325,21.628225857125603,0.6135265700483091,0.47101449275362317,0.5241545893719807,
2024-06-12,450.0,28.330803257236465,33.14562862908832,55.42368974222222,1.3581038492364672,29.388613379293446,87.32970727136752,,7.6611692050484335,8.65129836094017,0.8774928774928775,0.7521367521367521,0.6552706552706553,
2024-06-13,450.0,29.549947965097495,34.41128551688022,60.01086326927577,1.6764933872952648,36.00248396191922,93.81868822662953,,6.447497250974931,6.3563999359052925,0.9303621169916435,0.8022284122562674,0.8523676880222841,
2024-06-14,450.0,28.964790849373298,32.05097904474115,61.82673764111716,0.9570844702861036,32.108913105836514,67.39905866356949,,20.102781232378746,21.43954192506812,0.6757493188010899,0.5422343324250681,0.3678474114441417,
2024-06-15,450.0,28.173017347389276,30.689988462540793,60.81962064286713,0.5658508144638695,33.57039581781352,39.665183265174825,,26.526061622729603,28.482164094731935,0.4172494172494173,0.23543123543123542,0.21212121212121213,
2024-06-16,450.0,27.100387789068325,27.48548259593168,61.070685646801245,0.27980503495962733,25.838968830357146,22.21343867158385,,33.76913334083851,36.374287630496895,0.2453416149068323,0.14906832298136646,0.12422360248447205,
2024-06-17,450.0,26.243396680354838,28.70784986080645,72.92343479425806,0.1052419339483871,18.883950224880643,9.234604085645161,,25.703474438564516,31.037882746580642,0.0967741935483871,0.06774193548387097,0.041935483870967745,
2024-06-18,450.0,28.552160431752874,31.99481207066092,61.05161946752873,0.3738026872356322,43.31238741512357,23.299373018333334,,23.20628066354885,27.459687973649423,0.23850574712643677,0.15804597701149425,0.1752873563218391,
2024-06-19,450.0,29.233462003178083,32.98015028049315,52.81661532956165,0.5243150619726027,56.4488603049589,37.863013662712326,,20.4339529606137,23.25979900147945,0.3835616438356164,0.1643835616438356,0.12054794520547946,
2024-06-20,450.0,29.306062052430168,33.04710233793296,55.19941622187151,0.604127870924581,53.14623750363128,40.80497712396648,,20.976485054748604,22.46433323217877,0.4134078212290503,0.276536312849162,0.20391061452513967,
2024-06-21,450.0,28.812762591971012,28.7852331957971,67.09957460272463,0.3156199724695652,43.17632073113043,22.052700899652173,,26.207952076147826,31.06604450669565,0.2028985507246377,0.1565217391304348,0.15072463768115943,
2024-06-22,450.0,27.294788332618385,29.182254612952644,77.02175309083566,0.2563447839387187,29.85773005103621,19.220055710306408,,19.494492439721448,25.602124155598883,0.19220055710306408,0.0947075208913649,0.10027855153203342,
2024-06-23,450.0,29.11936850039216,32.89916326963586,59.11788100512605,0.4683706907170868,46.32968539758543,29.01451484162465,,25.684408719537814,29.85703813568627,0.2969187675070028,0.2605042016806723,0.24369747899159663,
2024-06-24,450.0,29.312416312788205,31.09665272469169,38.93286540924933,0.3865802869597856,52.16628969784182,17.011942476756033,,29.875282264664882,33.06489744871313,0.26273458445040215,0.19839142091152814,0.225201072386059,
2024-06-25,450.0,28.74899171916905,31.595408626475646,45.429091084613184,0.42649633018338107,47.0113109367765,25.49882778808023,,20.712951834263613,26.33333055409742,0.32951289398280803,0.09742120343839542,0.07736389684813753,
2024-06-26,450.0,29.27131540768817,32.66423073392473,49.288407620779566,0.41446385333333335,52.278762904290325,32.67106546830645,,24.693984047279567,28.329197083844086,0.3010752688172043,0.12365591397849462,0.07795698924731183,
2024-06-27,450.0,26.191998109314284,32.116592356342856,60.828916476,0.12277777638,24.158527279097143,8.283116851542857,,24.197420404988573,29.29775973117143,0.09142857142857143,0.06571428571428571,0.02857142857142857,
2024-06-28,450.0,26.37001501355049,31.739115142964167,68.1796320115961,0.14124140095439738,18.490608686723125,12.058039674527686,,24.848872623550488,30.919269482247554,0.13355048859934854,0.08469055374592833,0.04234527687296417,
2024-06-29,450.0,28.90780727464,32.37061962621333,64.06957924888,0.4404814745706666,48.77674273097334,31.59030299186667,,27.218070072685336,29.228617429013333,0.328,0.216,0.07733333333333334,
2024-06-30,450.0,30.064781440083333,33.18832304708334,59.92245758397222,0.5674768629805556,54.65766869800556,35.578282806611114,,27.840520503547225,30.575456291055556,0.3472222222222222,0.3055555555555556,0.2861111111111111,
2024-07-01,450.0,29.011264706000002,27.596621287762712,70.80757881810169,0.2886064068677966,35.22492126670169,24.434514611457626,,25.94080127779661,30.536865468440677,0.18983050847457628,0.16271186440677965,0.12203389830508475,
2024-07-02,450.0,25.275988108146553,22.536116367672413,77.88113652297413,0.0,8.840442449,0.0,,22.72000015,29.57333326,0.0,0.0,0.0,
2024-07-03,450.0,24.490176264537812,24.563076523067227,76.9938109014706,0.0,8.840442449,0.0,,22.72000015,29.57333326,0.0,0.0,0.0,
2024-07-04,450.0,26.081537653140497,28.58963970214876,80.83478692367768,0.0,8.864004125061982,1.0142749745041322,,22.720000149999997,29.57333326,0.0,0.0,0.0,
2024-07-05,450.0,26.659268038225807,27.15808723427419,80.26145270129032,0.0,9.56149381241129,0.9897360638306452,,22.72000015,29.57333326,0.0,0.0,0.0,
2024-07-06,450.0,26.070701533209302,28.676232296,83.90940580218604,0.0,9.559175372,0.0,,22.72000015,29.573333260000002,0.0,0.0,0.0,
2024-07-07,450.0,27.90853774020661,30.282845739752066,83.54298493801652,0.0,9.559175372,0.0,,22.720000149999997,29.57333326,0.0,0.0,0.0,
2024-07-08,450.0,26.992535153190477,26.13920435442857,84.41014111704762,0.0,9.559175372,0.0,,22.72000015,29.57333326,0.0,0.0,0.0,
2024-07-09,450.0,25.647607974473686,26.212904698596493,82.54531353004387,0.0,9.559175372,0.0,,22.72000015,29.57333326,0.0,0.0,0.0,
2024-07-10,450.0,27.164501812542373,29.555475829322035,73.42760190881357,0.0,9.559175372,0.0,,22.72000015,29.57333326,0.0,0.0,0.0,
2024-07-11,450.0,27.867828651375,30.346142392666664,77.421072364875,0.0,9.559175372,0.0,,22.72000015,29.573333259999995,0.0,0.0,0.0,
2024-07-12,450.0,27.965934531338583,29.47628851984252,76.05369071980316,0.0,9.559175372,0.0,,22.72000015,29.57333326,0.0,0.0,0.0,
2024-07-13,450.0,28.051381326255143,29.797558994032922,76.7901635817284,0.0,9.559175372,0.0,,22.72000015,29.57333326,0.0,0.0,0.0,
2024-07-14,450.0,27.92790012188755,28.631206779598394,78.14380422196787,0.0,9.559175372,0.0,,22.72000015,29.57333326,0.0,0.0,0.0,
2024-07-15,450.0,27.8834094084,28.919585175479998,80.53872753511999,0.0,9.559175372,0.0,,22.72000015,29.57333326,0.0,0.0,0.0,
2024-07-16,450.0,27.475338998333335,28.919896268974362,83.28278127905983,0.0,9.436006942666667,2.5252525113675213,,22.72000015,29.57333326,0.0,0.0,0.0,
2024-07-17,450.0,27.755419256849315,28.118224194383565,85.97059503611871,0.0,9.080016613,0.0,,22.72000015,29.57333326,0.0,0.0,0.0,
2024-07-18,450.0,27.247749026255143,29.49081858744856,82.9741992199177,0.0,9.080016613,0.0,,22.72000015,29.57333326,0.0,0.0,0.0,
2024-07-19,450.0,28.70359219212,30.40981187664,83.0698609498,0.0,9.080016613,0.0,,22.72000015,29.57333326,0.0,0.0,0.0,
2024-07-20,450.0,27.98384882448,29.86189120768,78.89915013395999,0.0,9.080016613,0.0,,22.72000015,29.57333326,0.0,0.0,0.0,
2024-07-21,450.0,29.600684763389122,32.22921966569038,83.34831673037657,0.0,22.028676057058576,0.0,,22.72000015,29.57333326,0.0,0.0,0.0,
2024-07-22,450.0,31.04983952245033,33.09269270798013,83.74809037254967,0.0,58.8755837974735,1.1438892179801323,,22.72000015,29.573333260000002,0.0,0.0,0.0,
2024-07-23,450.0,28.999801635352696,29.240692851410788,82.95961292522821,0.0,19.057414917041495,1.0184835843568465,,22.72000015,29.57333326,0.0,0.0,0.0,
2024-07-24,450.0,31.13878547589552,33.476178774813434,86.43279154078358,0.0,55.23058705060074,1.662143820261194,,22.72000015,29.57333326,0.0,0.0,0.0,
2024-07-25,450.0,29.859738715691055,29.5558850399187,79.82042493158538,0.0,34.75297733349187,1.4042867635365852,,22.72000015,29.57333326,0.0,0.0,0.0,
2024-07-26,450.0,27.982974011293102,28.282148818189658,84.29852270560345,0.0,9.319592267,0.0,,22.72000015,29.57333326,0.0,0.0,0.0,
2024-07-27,450.0,28.69972434325893,29.901309841964288,83.64626205200894,0.0,9.319592267,0.0,,22.72000015,29.57333326,0.0,0.0,0.0,
2024-07-28,450.0,28.51798052084071,29.50305311017699,84.23009358424778,0.0,9.319592267,0.0,,22.72000015,29.57333326,0.0,0.0,0.0,
2024-07-29,450.0,28.625106851814163,30.0601439849115,85.69357097601771,0.0,9.319592267,0.0,,22.72000015,29.57333326,0.0,0.0,0.0,
2024-07-30,450.0,29.729879929922483,32.10120603406977,81.82327458170542,0.013404392918604652,24.875285285782947,3.312191690581395,,26.648737298387598,33.916364098798454,0.015503875968992248,0.0,0.015503875968992248,
2024-07-31,450.0,29.501921718212927,30.652986334562737,79.02299081114069,0.019803548041825096,11.820319634969582,1.3446249209505703,,21.942509650570344,28.56131805338403,0.022813688212927757,0.022813688212927757,0.0,
2024-08-01,450.0,29.38593866288618,31.056594159552848,81.82238787817073,0.0,9.080016613,0.0,,22.72000015,29.57333326,0.0,0.0,0.0,
2024-08-02,450.0,29.766998010200002,31.33048910436,82.07034966744,0.0,9.078291738016,0.0,,22.72000015,29.57333326,0.0,0.0,0.0,
2024-08-03,450.0,30.578617052086614,33.34589419484252,81.07162737897639,0.0,9.04935741252756,0.0,,22.72000015,29.57333326,0.0,0.0,0.0,
2024-08-04,450.0,31.175542165118113,33.8455451526378,78.94031574759843,0.0,9.03257132161811,0.0,,22.72000015,29.57333326,0.0,0.0,0.0,
2024-08-05,450.0,29.594639256052634,30.856933217293232,77.65798474203008,0.0,9.051821411924813,0.0,,22.72000015,29.57333326,0.0,0.0,0.0,
2024-08-06,450.0,30.099594346328672,32.212791539475525,75.99765522961539,0.0,9.028163242202798,0.0,,22.72000015,29.57333326,0.0,0.0,0.0,
2024-08-07,450.0,29.61101663891386,30.636035645992507,77.18725142468165,0.0,9.007069847565544,0.0,,22.72000015,29.57333326,0.0,0.0,0.0,
2024-08-08,450.0,28.099431096596636,28.358278614663867,80.630493807479,0.0,9.049921638882353,1.642475158235294,,22.720602094285717,29.57333326,0.0,0.0,0.0,
2024-08-09,450.0,28.769858059344262,30.394993516311473,84.0177570562295,0.0,8.64552885147951,1.4157973107786885,,22.72000015,29.57333326,0.0,0.0,0.0,
2024-08-10,450.0,28.71985403556,30.47362358592,81.96098465467999,0.0,8.576895297,0.0,,22.72000015,29.57333326,0.0,0.0,0.0,
2024-08-11,450.0,29.252045142927756,31.85790519619772,70.17644101338402,0.0,8.811646643555134,3.560317990456274,,22.722335167642587,29.57411161057034,0.0,0.0,0.0,
2024-08-12,450.0,29.00888544078431,30.622739774549018,70.70242409517647,0.0,9.319592267,0.0,,22.72000015,29.57333326,0.0,0.0,0.0,
2024-08-13,450.0,28.699146919370076,29.774219516338583,74.53585860027559,0.0,9.319592267,0.0,,22.72000015,29.57333326,0.0,0.0,0.0,
2024-08-14,450.0,28.464508761867222,29.088695334232362,77.15291467614108,0.0,9.319592267,0.0,,22.72000015,29.57333326,0.0,0.0,0.0,
2024-08-15,450.0,28.592019919259258,30.269891736995884,77.41091183613169,0.0,9.319592267,0.0,,22.72000015,29.57333326,0.0,0.0,0.0,
2024-08-16,450.0,29.02587285412,30.99989815776,77.07374504132,0.0,9.319592267,0.0,,22.72000015,29.57333326,0.0,0.0,0.0,
2024-08-17,450.0,28.99614634396761,30.56727770210526,77.77008237360324,0.0,9.319592267,0.0,,22.72000015,29.57333326,0.0,0.0,0.0,
2024-08-18,450.0,28.20380729234568,29.306807837448563,78.69469632205762,0.0,9.319592267,0.0,,22.72000015,29.57333326,0.0,0.0,0.0,
2024-08-19,450.0,27.660706284016392,27.701631840327867,80.93944120750001,0.0,9.319592267,0.0,,22.72000015,29.57333326,0.0,0.0,0.0,
2024-08-20,450.0,26.792638470890687,27.250225121902837,76.56933757263158,0.0,9.319592267,0.0,,22.72000015,29.57333326,0.0,0.0,0.0,
2024-08-21,450.0,27.273822166031746,28.73583446781746,76.14485752230158,0.0,9.319592267,0.0,,22.72000015,29.57333326,0.0,0.0,0.0,
2024-08-22,450.0,28.11149372314516,30.30294481237903,77.3534904628629,0.0,9.319592267,0.0,,22.72000015,29.57333326,0.0,0.0,0.0,
2024-08-23,450.0,29.25844969423387,32.13816509850807,78.12064623282258,0.0,9.319592267,0.0,,22.72000015,29.57333326,0.0,0.0,0.0,
2024-08-24,450.0,29.636925219875003,31.229863577468752,80.9995584086875,0.0,9.049542757921875,2.61363634840625,,22.726265408375,29.575421676374997,0.0,0.0,0.0,
2024-08-25,450.0,29.871377610450818,31.441536520696722,82.34231179086065,0.0,8.337321132,0.0,,22.72000015,29.57333326,0.0,0.0,0.0,
2024-08-26,450.0,28.854790003175964,29.55729925798283,82.25325099309012,0.0,8.337321132,0.0,,22.72000015,29.573333259999995,0.0,0.0,0.0,
2024-08-27,450.0,26.896290220932205,26.3953661784322,66.62304227999999,0.0,8.337321132,0.0,,22.72000015,29.57333326,0.0,0.0,0.0,
2024-08-28,450.0,26.15305031571984,25.68892948241245,63.145347920817116,0.0,8.337321132,0.0,,22.72000015,29.57333326,0.0,0.0,0.0,
2024-08-29,450.0,26.508347604089067,27.414293796194332,70.50388673089068,0.0,8.337321132,0.0,,22.72000015,29.57333326,0.0,0.0,0.0,
2024-08-30,450.0,28.024189141244978,30.495406196305222,74.19159184024096,0.0,8.337321132,0.0,,22.72000015,29.57333326,0.0,0.0,0.0,
2024-08-31,450.0,29.12974095298755,31.30223469946058,78.00588810302904,0.0,8.337321132,0.0,,22.72000015,29.57333326,0.0,0.0,0.0,
2024-09-01,450.0,29.5303591628125,31.903329044023437,80.29147277789062,0.0,8.337321132,0.0,,22.72000015,29.57333326,0.0,0.0,0.0,
2024-09-02,450.0,27.810187364625,26.863249382291666,70.20631985816667,0.0,8.337321132,0.0,,22.72000015,29.573333259999995,0.0,0.0,0.0,
2024-09-03,450.0,26.05351280489796,26.15292937587755,68.90234690077551,0.0,8.337321132,0.0,,22.72000015,29.57333326,0.0,0.0,0.0,
2024-09-04,450.0,26.93332293221774,28.748269754959676,72.22404175036291,0.0,8.337321132,0.0,,22.72000015,29.57333326,0.0,0.0,0.0,
2024-09-05,450.0,27.871899952240664,29.09866698738589,73.69282526941907,0.0,8.337321132,0.0,,22.72000015,29.57333326,0.0,0.0,0.0,
2024-09-06,450.0,26.418489182874016,25.649966909094488,65.36598380157481,0.0,8.337321132,0.0,,22.72000015,29.57333326,0.0,0.0,0.0,
2024-09-07,450.0,26.05350489918033,26.14919885795082,71.60527060454919,0.0,8.337321132,0.0,,22.72000015,29.57333326,0.0,0.0,0.0,
2024-09-08,450.0,26.427710696404958,26.73816373285124,78.67512371859505,0.0,8.337321132,0.0,,22.720000149999997,29.57333326,0.0,0.0,0.0,
2024-09-09,450.0,27.198044712875536,29.192477913133047,81.83172367690986,0.0,8.337321132,0.0,,22.72000015,29.573333259999995,0.0,0.0,0.0,
2024-09-10,450.0,27.114835785809127,26.488433983941906,76.96636679265559,0.0,8.337321132,0.0,,22.72000015,29.57333326,0.0,0.0,0.0,
2024-09-11,450.0,24.619535585391308,23.300127307347825,68.02449579408696,0.0,8.337321132,0.0,,22.72000015,29.57333326,0.0,0.0,0.0,
2024-09-12,450.0,24.3657140308,24.255534270844446,62.804309424799996,0.0,8.337321132,0.0,,22.72000015,29.57333326,0.0,0.0,0.0,
2024-09-13,450.0,24.1940657178341,23.826957535760368,64.81868843364056,0.0,8.337321132,0.0,,22.72000015,29.57333326,0.0,0.0,0.0,
2024-09-14,450.0,24.306990892555067,24.719064359251103,70.95248515339208,0.0,8.337321132,0.0,,22.720000150000004,29.57333326,0.0,0.0,0.0,
2024-09-15,450.0,23.720498810608696,22.905854661086956,67.08540148213044,0.0,8.337321132,0.0,,22.72000015,29.57333326,0.0,0.0,0.0,
2024-09-16,450.0,23.718564689746835,23.917533864092828,64.95627840936709,0.0,8.337321132,0.0,,22.72000015,29.57333326,0.0,0.0,0.0,
2024-09-17,450.0,24.905057296033057,26.05826278590909,68.48118320719009,0.0,8.337321132,0.0,,22.720000149999997,29.57333326,0.0,0.0,0.0,
2024-09-18,450.0,25.089607308921163,24.93320934713693,71.7458667220747,0.0,8.337321132,0.0,,22.72000015,29.57333326,0.0,0.0,0.0,
2024-09-19,450.0,24.73369474347418,25.006389141032866,79.61335851544601,0.0,8.337321132,0.0,,22.72000015,29.57333326,0.0,0.0,0.0,
2024-09-20,450.0,26.131014556173913,28.971763710608695,82.49024050726086,0.0,8.337321132,0.0,,22.72000015,29.57333326,0.0,0.0,0.0,
2024-09-21,450.0,23.693971899467215,19.87866197614754,66.19749536692623,0.0,8.337321132,0.0,,22.72000015,29.57333326,0.0,0.0,0.0,
2024-09-22,450.0,21.689027966284584,18.767736865928853,62.885836741976284,0.0,8.337321132,0.0,,22.72000015,29.57333326,0.0,0.0,0.0,
2024-09-23,450.0,20.98410619293173,19.411754947911646,60.15480368730924,0.0,8.337321132,0.0,,22.72000015,29.57333326,0.0,0.0,0.0,
2024-09-24,450.0,21.04656846764,21.373152988999998,64.58141566948,0.0,8.337321132,0.0,,22.72000015,29.57333326,0.0,0.0,0.0,
2024-09-25,450.0,25.625773519625668,26.173003608770053,61.76025112042781,0.07650029468449197,23.688271855336897,6.679630523903743,,23.031507688017825,33.206213585864525,0.0748663101604278,0.06417112299465241,0.016042780748663103,
2024-09-26,450.0,26.722381146722224,26.58518655730556,63.84443877477778,0.030979936655555557,18.800971204919446,2.48737369975,,28.963952273291664,35.040462383527775,0.03333333333333333,0.03611111111111111,0.0,
2024-09-27,450.0,28.987944027699683,26.822022487571886,62.14915411073482,0.08828096934984025,51.09432745512301,7.539936081293931,,32.34143338769808,38.38152667159744,0.0878594249201278,0.07028753993610223,0.01757188498402556,
2024-09-28,450.0,29.799363542096476,27.82921761027829,64.27247676131725,0.1207998334174397,56.196143233747684,10.794400416846011,,37.958835188712435,41.81132829992579,0.10946196660482375,0.07977736549165121,0.055658627087198514,
2024-09-29,450.0,29.90045633207547,28.00492348154717,66.22027980483018,0.19454925803962264,50.07964620879623,18.099485410830187,,32.654337044567924,36.169877223792454,0.18867924528301888,0.1792452830188679,0.022641509433962263,
2024-09-30,450.0,28.975440459833948,23.438461120332104,69.9533796304059,0.04676609022140221,21.863377027771218,6.276417273450185,,45.42708991741513,47.898691884188196,0.04797047970479705,0.04797047970479705,0.0,
2024-10-01,450.0,29.071609771746985,21.94662873415663,52.98374956341365,0.0,26.578279762839358,0.0,,42.63778837757028,47.061465722369476,0.0,0.0,0.0,
2024-10-02,450.0,28.19278683430427,21.80169994450835,43.805170270797774,0.0,26.399796672031542,0.0,,46.4783667667718,49.978101967588124,0.0,0.0,0.0,
2024-10-03,450.0,28.07111138080483,22.544991851549295,45.6247996649497,0.0,31.497655046014085,0.0,,29.634158909102617,36.15201032889336,0.0,0.0,0.0,
2024-10-04,450.0,27.835342156678635,22.87172260308797,43.673233783267506,0.0,34.51923597832496,0.0,,38.8398111069623,43.820895631777375,0.0,0.0,0.0,
2024-10-05,450.0,27.975341235380707,23.291688264027073,50.46792691071066,0.0,43.39209506896785,0.0,,51.156702665840946,51.677487813113366,0.0,0.0,0.0,
2024-10-06,450.0,27.71133395009452,25.770000015538752,57.56987990502835,0.05941503575803403,56.58210573398866,5.365183008638941,,38.530939724272216,44.559476106521736,0.062381852551984876,0.062381852551984876,0.0,
2024-10-07,450.0,27.354610121238096,22.826200100666664,63.026487287219055,0.0,50.805573496895235,0.0,,51.20629640122476,53.746276304361906,0.0,0.0,0.0,
2024-10-08,450.0,27.573839505215826,22.636501457517983,64.08502038404676,0.025529575007194247,46.39227549301799,1.9653368124820145,,53.54596560556475,55.3202078794964,0.02877697841726619,0.02877697841726619,0.0,
2024-10-09,450.0,27.538463579669564,22.98698225229565,65.4799145022261,0.15118357513217393,46.482154677843475,11.936758901756523,,40.534731097798264,43.37933687749565,0.12173913043478261,0.05565217391304348,0.08695652173913043,
2024-10-10,450.0,26.95289301154514,22.718176169618054,63.64839976432292,0.13090759475347225,39.80007454310417,12.1669823096875,,48.29466145899826,50.02721528614583,0.1284722222222222,0.11284722222222222,0.015625,
2024-10-11,450.0,26.77336435277504,22.804125599720855,54.002812112380944,0.23123061558949098,34.64141122076847,15.423197483973727,,44.98978535495895,46.95447952453202,0.16091954022988506,0.090311986863711,0.09359605911330049,
2024-10-12,450.0,27.215722574133792,24.894099998147514,58.7085810606175,0.32335144188850773,48.985714915691254,21.132075449210976,,38.473383171610635,40.71287576173242,0.2195540308747856,0.10634648370497427,0.1595197255574614,
2024-10-13,450.0,27.40208079035971,25.427593586780578,60.18654092874101,0.3764488360521583,60.19987452566547,26.711903180143885,,32.250682167692446,36.46947239561151,0.28597122302158273,0.1672661870503597,0.09352517985611511,
2024-10-14,450.0,26.695708641666666,24.21550517678571,64.98627692230158,0.3841765896626984,49.343818903825394,25.07575756263889,,37.58358361530754,38.04790968297619,0.25992063492063494,0.1884920634920635,0.16071428571428573,
2024-10-15,450.0,27.118345951118645,24.20285942642373,64.46688892467796,0.5204095996118644,46.480104392394914,35.33281969822034,,37.54668607102373,34.723379793677964,0.3694915254237288,0.27627118644067794,0.11864406779661017,
2024-10-16,450.0,26.3362963241651,23.061063083095686,65.05277765378987,0.2701949086998124,55.615436084234524,23.262834705515946,,33.63389011387805,39.54885410172608,0.24202626641651032,0.150093808630394,0.10694183864915573,
2024-10-17,450.0,26.58194300398165,23.449766997137612,70.73515148697248,0.3604230266293578,55.84689659846606,32.16180146288074,,29.992865711055046,31.074167413284407,0.3412844036697248,0.26422018348623855,0.09174311926605505,
2024-10-18,450.0,25.624961886481113,21.047922839005963,75.45180013262424,0.04232935498210736,70.57611099815108,3.6002168480119283,,22.719639661355863,26.019789717137176,0.0437375745526839,0.0437375745526839,0.0,
2024-10-19,450.0,24.52577090643863,18.008792373863177,64.43871910895372,0.0,60.504230838873234,0.0,,43.28196850569417,46.35926833104628,0.0,0.0,0.0,
2024-10-20,450.0,24.01854112352113,12.13254611540317,57.630828339894364,0.0,36.7898255690493,0.0,,54.05364285306514,56.31349318985916,0.0,0.0,0.0,
2024-10-21,450.0,24.069869192596315,14.188110350167502,62.805641526783916,0.0,40.50643517482412,0.0,,57.847679219172534,60.61269338350084,0.0,0.0,0.0,
2024-10-22,450.0,24.303649891498974,17.204600461396304,66.97217589418891,0.0,49.32922660246406,0.0,,24.26935984713347,30.073725249979468,0.0,0.0,0.0,
2024-10-23,450.0,24.200179504788274,18.42989195480456,62.15100907004886,0.10366901649022801,51.23593463723453,9.246372516449512,,39.938081913052116,43.68935052869707,0.10097719869706841,0.07654723127035831,0.03420195439739414,
2024-10-24,450.0,24.632051443833866,19.536063579520768,60.256728021230025,0.1737442287060703,51.99018151196007,12.187046164904153,,35.333432126006386,37.86310653538339,0.13258785942492013,0.05910543130990415,0.038338658146964855,
2024-10-25,450.0,25.801722481753625,21.11842736830435,62.06308996817391,0.5373792273405797,40.877548193546374,35.18313568571015,,34.03394974624928,35.19071549162319,0.3681159420289855,0.2028985507246377,0.18840579710144928,
2024-10-26,450.0,25.477957493301588,20.461127966,63.97419608319048,0.3031966478126984,49.12561332275397,21.72871568847619,,38.92123032752381,40.633578575222224,0.2396825396825397,0.10158730158730159,0.14126984126984127,
2024-10-27,450.0,25.223766377016275,20.652743412459312,67.84190284189874,0.2252612001880651,62.81245672091139,19.1829689156962,,33.7240161628047,36.60750854938517,0.20253164556962025,0.10307414104882459,0.13200723327305605,
2024-10-28,450.0,25.19310631958904,20.501706153191783,61.67230973175342,0.18974504814657533,64.20171031895067,14.673723488630136,,41.05256476669589,43.79551679367671,0.17671232876712328,0.13835616438356163,0.03972602739726028,
2024-10-29,450.0,24.972723910838095,19.427170849885712,63.15048989266667,0.28391534169904764,58.720650108647625,20.02597401255238,,40.743928928230474,43.5755184948,0.20761904761904762,0.1295238095238095,0.08,
2024-10-30,450.0,25.367525582672542,20.7313646530837,68.8805192528047,0.30643253354478706,61.483576205772394,21.970364377019088,,32.72751030359912,35.285031027694565,0.2511013215859031,0.17914831130690162,0.15418502202643172,
2024-10-31,450.0,24.860460801699546,19.41785835566009,71.65323682561457,0.2558801136312595,59.142111325641885,21.539522646403643,,35.32635354399393,37.73082939738998,0.2488619119878604,0.18664643399089528,0.06676783004552352,
2024-11-01,450.0,24.846338958322477,19.20564423030945,69.27767221894136,0.21021081532573294,66.24263003622802,18.409831205472315,,31.411171698820848,33.13305912091205,0.2003257328990228,0.14332247557003258,0.057003257328990226,
2024-11-02,450.0,24.688311866075267,19.50879399924731,66.67081488939068,0.26050378110215056,58.71236367891935,20.23623327200717,,42.30148244354839,44.38306176265233,0.22043010752688172,0.12007168458781362,0.11827956989247312,
2024-11-03,450.0,25.16771604462604,20.314941780900277,64.79891891727146,0.33573791789473684,60.40237706139059,23.533115038573406,,23.81414618686011,27.66343648537673,0.26869806094182824,0.15789473684210525,0.1371191135734072,
2024-11-04,450.0,24.707827576540286,18.493706357661924,63.11116574473934,0.12254256434123223,71.05867073728909,8.912824887614534,,31.029694034015794,33.720369132717224,0.10742496050552923,0.07898894154818326,0.036334913112164295,
2024-11-05,450.0,23.616182537268518,12.807689452776234,55.06473542026235,0.0,53.370731834598764,0.0,,31.471866738489197,37.49624387256173,0.0,0.0,0.0,
2024-11-06,450.0,23.74535108381859,16.614546580264278,56.2137142612206,0.08327111965845464,58.706162574757,6.047032441422172,,47.334936852792836,49.7664945156551,0.0851063829787234,0.05711086226203808,0.03135498320268757,
2024-11-07,450.0,24.166052827538977,19.34212617796214,56.744308718563474,0.1676410515,67.02043887752339,11.277586507093542,,42.249724023761694,44.876800980712694,0.14810690423162584,0.10467706013363029,0.042316258351893093,
2024-11-08,450.0,22.955205730541874,17.03806472124795,62.10479907799672,0.08068782903776683,63.959507388977016,5.89043135909688,,48.56329436682923,50.40244203883415,0.0755336617405583,0.05090311986863711,0.024630541871921183,
2024-11-09,450.0,21.502897779704643,18.508644248818566,67.06356280362868,0.0,9.89276364043038,0.0,,21.77094115164557,29.256979273544303,0.0,0.0,0.0,
2024-11-10,450.0,19.879560356842106,19.312466219719298,80.73537392578947,0.0,9.920978384410526,0.0,,21.53600454,29.178667070000003,0.0,0.0,0.0,
2024-11-11,450.0,19.140318639772726,17.654721964659092,83.3341383446591,0.0,17.24183687673106,0.0,,42.63418750022728,47.671396895,0.0,0.0,0.0,
2024-11-12,450.0,18.72296296,16.228543561541667,76.191405220125,0.0,31.67225718,0.0,,83.42400789,83.42400789,0.0,0.0,0.0,
2024-11-13,450.0,20.093709279615386,16.676571942252746,76.6181052962088,0.0,31.67225718,0.0,,83.42400789,83.42400789,0.0,0.0,0.0,
2024-11-14,450.0,22.489551059350003,17.12976927255,73.08096792090001,0.0,7.620144702525,2.4545454383000003,,13.6955218351,27.2374944127,0.0,0.0,0.0,
2024-11-15,450.0,26.70263178849359,17.41480358426282,66.78804918403846,0.0,7.521220953182692,1.4277389225320511,,13.822343229169872,26.20825104346154,0.0,0.0,0.0,
2024-11-16,450.0,27.591416391710524,18.561658655625,63.23658871476974,0.0,7.758314493730263,0.0,,14.249158814914473,25.744215063157895,0.0,0.0,0.0,
2024-11-17,450.0,26.579146934555986,15.999989280694981,60.29791414722008,0.0,6.875895709,0.0,,9.024103823613899,23.468180635791505,0.0,0.0,0.0,
2024-11-18,450.0,24.89800836372093,11.807149155589148,57.807896419496124,0.0,6.875895709,0.0,,10.36949362627907,25.456497907209304,0.0,0.0,0.0,
2024-11-19,450.0,24.295301268164064,11.981155856679688,61.05472523234375,0.0,6.875895709,0.0,,6.793505948960937,21.886934820390625,0.0,0.0,0.0,
2024-11-20,450.0,24.20848256693487,13.31179220159004,62.39495647049809,0.0,6.875895709,0.0,,6.685833362153256,21.788233458850573,0.0,0.0,0.0,
2024-11-21,450.0,24.573318940602835,13.999134629734042,59.660775062056736,0.0,7.113944612429078,0.0,,8.710514199656027,22.886632913829786,0.0,0.0,0.0,
2024-11-22,450.0,24.170596649945054,12.677819552947803,59.292627620549446,0.0,5.637457361057693,3.371628349313187,,7.167852739934066,22.05257309228022,0.0,0.0,0.0,
2024-11-23,450.0,23.939654360000002,11.519835200532423,59.57281460798635,0.0,7.105990189979522,0.0,,13.427821595662117,26.29549136406143,0.0,0.0,0.0,
2024-11-24,450.0,24.6643631011583,12.381950881675676,59.16511415864865,0.0,7.355050743,0.0,,14.97600526,26.99200213,0.0,0.0,0.0,
2024-11-25,450.0,25.05065737188235,13.068746981411763,60.26454179829412,0.0,10.859518973817647,0.0,,26.887958363735294,34.43538425691177,0.0,0.0,0.0,
2024-11-26,450.0,23.758312637850747,10.382284076982089,51.65370855032836,0.0,10.140806950719403,0.0,,21.777455021701492,30.854311425402987,0.0,0.0,0.0,
2024-11-27,450.0,22.86359362222951,9.110614376285247,50.433200949770495,0.0,9.70143028484918,0.0,,21.757705847377046,30.061116987672133,0.0,0.0,0.0,
2024-11-28,450.0,23.090656325734464,13.23634169700565,47.059655759689264,0.0,12.740349574048023,0.0,,30.83259826440678,37.27702230584746,0.0,0.0,0.0,
2024-11-29,450.0,22.614047068565892,13.19115966783721,53.010780866414734,0.0,12.924737145544572,0.0,,27.646901883546512,36.202847926375966,0.0,0.0,0.0,
2024-11-30,450.0,23.07046904127424,13.624812832603878,55.39815292224376,0.0,13.53218940104155,0.0,,35.43644559698061,41.22174601202216,0.0,0.0,0.0,
2024-12-01,450.0,22.828272594325842,13.786988500497191,59.54617636564607,0.0,17.438813657488765,0.0,,25.970563277544944,32.452644803848315,0.0,0.0,0.0,
2024-12-02,450.0,22.993800905534247,11.19750585839178,56.90250584013699,0.0,11.827814072734247,0.0,,30.482485411068495,36.9861336130137,0.0,0.0,0.0,
2024-12-03,450.0,22.75094187899425,10.08454790395115,58.60751716951149,0.0,11.743601807784483,0.0,,30.925168981609193,37.001315635143676,0.0,0.0,0.0,
2024-12-04,450.0,22.7192107114,8.178418099868571,64.54498873028571,0.0,10.92271350772,0.0,,28.08622580994286,34.208657386199995,0.0,0.0,0.0,
2024-12-05,450.0,22.66033561181556,8.096399350397695,66.5518908778098,0.0,11.243398056414986,0.0,,27.722664965965418,34.41446699538905,0.0,0.0,0.0,
2024-12-06,450.0,22.959332368347106,10.024884211495868,61.82480812008264,0.0,14.833988994380164,0.0,,35.195189043911846,41.08930531705234,0.0,0.0,0.0,
2024-12-07,450.0,22.955122524061625,7.932723452140055,60.25020332546218,0.0,10.381588894787116,0.0,,27.642798502436975,33.34682619809524,0.0,0.0,0.0,
2024-12-08,450.0,22.363127422739726,6.79574082470685,60.5808180970411,0.0,11.238779205408218,0.0,,29.356487111671232,34.81016632728767,0.0,0.0,0.0,
2024-12-09,450.0,22.57015198554348,7.802760280339674,59.610335352364125,0.0,13.966829421070651,0.0,,35.15245349486413,39.56330087279891,0.0,0.0,0.0,
2024-12-10,450.0,22.86697437905797,7.387459660311594,60.28953017251208,0.0,12.673460553347827,0.0,,35.028261855772946,38.62961228326087,0.0,0.0,0.0,
2024-12-11,450.0,23.022866200837438,8.071524777357142,60.12223613889162,0.0,14.279811179036948,0.0,,38.20948269618226,40.87526914894089,0.0,0.0,0.0,
2024-12-12,450.0,22.93217569449782,6.971676781613537,61.440258221135366,0.0,14.725016142810043,1.071853903187773,,40.006428631550214,42.6109308758952,0.0,0.0,0.0,
2024-12-13,450.0,22.98353685368421,6.985955880006792,59.33315611366723,0.0,12.824637019086587,0.0,,34.0958536603056,38.013080561103564,0.0,0.0,0.0,
2024-12-14,450.0,22.39542847347181,6.744600196103857,58.97224171068249,0.0,11.866164355299704,0.0,,30.336290379940653,35.81353163237389,0.0,0.0,0.0,
2024-12-15,450.0,22.169179151574802,7.9137347183123365,55.71805548992126,0.0,14.980808784734908,0.0,,38.69956457094488,43.35379113120735,0.0,0.0,0.0,
2024-12-16,450.0,22.240476391610876,8.096834757156904,53.997611164581585,0.0,15.738138852930962,0.0,,42.12427713801255,44.806831955292886,0.0,0.0,0.0,
2024-12-17,450.0,22.617397112009687,7.583349725297821,55.15546172382566,0.0,14.798802667440679,0.0,,38.17469295762712,42.50200067486683,0.0,0.0,0.0,
2024-12-18,450.0,22.258345675656564,5.632087416790404,57.902487698838385,0.0,14.935046082636363,1.2396694132828283,,34.69813503909343,39.43179722868687,0.0,0.0,0.0,
2024-12-19,450.0,22.24336300423267,4.417527360831683,57.66982734153465,0.0,12.671671606767328,0.0,,34.628665575866336,39.26652788024752,0.0,0.0,0.0,
2024-12-20,450.0,22.469505765475727,5.96539227388932,55.72636294104855,0.0,17.222933788217475,0.0,,47.99714929532039,49.019120937281556,0.0,0.0,0.0,
2024-12-21,450.0,22.111652792893203,4.1881338476504855,55.682862402349514,0.0,16.894177203543688,0.0,,45.611941834563105,46.79743148186408,0.0,0.0,0.0,
2024-12-22,450.0,21.798000634454148,3.881736021388646,58.37351984971616,0.0,13.354501865045851,0.0,,35.797542585087335,39.40496098465066,0.0,0.0,0.0,
2024-12-23,450.0,21.552326280778896,7.108213344017587,57.16015443123115,0.0,15.01686346933417,0.0,,40.30608221148241,43.546479638944724,0.0,0.0,0.0,
2024-12-24,450.0,21.33388262529661,3.1434189828220336,60.45234492908898,0.0,12.518015910989407,0.0,,32.9027861845339,37.20313602726695,0.0,0.0,0.0,
2024-12-25,450.0,21.758876651263737,6.263120780576923,59.34676427357143,0.0,14.862345751832418,0.0,,37.44629519708791,41.34518601552198,0.0,0.0,0.0,
2024-12-26,450.0,21.203276774340658,5.102582788510989,57.512230654652015,0.0,16.910101928155676,0.0,,45.30633720699633,46.54010373771062,0.0,0.0,0.0,
2024-12-27,450.0,20.840976628584617,2.6010565318061536,57.99018120461539,0.0,10.345946467741538,0.0,,24.417274730307692,32.72471365433846,0.0,0.0,0.0,
2024-12-28,450.0,15.66764147768,4.321139342684001,65.62675309716,0.0,9.080016613,0.0,,16.35200828,27.45066881,0.0,0.0,0.0,
2024-12-29,450.0,14.815259300294118,5.311949925945378,67.56626489962184,0.0,9.080016613,0.0,,16.35200828,27.450668809999996,0.0,0.0,0.0,
2024-12-30,450.0,15.145749826413502,6.900554935130802,68.62717376084389,0.0,9.080016613,0.0,,16.35200828,27.450668810000003,0.0,0.0,0.0,
2024-12-31,450.0,16.209148164960318,6.6915980791309515,54.445372835674604,0.0,9.080016613,0.0,,16.35200828,27.45066881,0.0,0.0,0.0,
